<?xml version="1.0" encoding="UTF-8"?>
<project-private xmlns="http://www.netbeans.org/ns/project-private/1">
    <editor-bookmarks xmlns="http://www.netbeans.org/ns/editor-bookmarks/2" lastBookmarkId="0"/>
    <open-files xmlns="http://www.netbeans.org/ns/projectui-open-files/2">
        <group>
            <file>file:/C:/Users/Durgesh/Desktop/youtube_program/java-web/TechBlog/src/java/com/tech/blog/servlets/LikeServlet.java</file>
            <file>file:/C:/Users/Durgesh/Desktop/youtube_program/java-web/TechBlog/src/java/com/tech/blog/servlets/LoginServlet.java</file>
            <file>file:/C:/Users/Durgesh/Desktop/youtube_program/java-web/TechBlog/web/js/myjs.js</file>
            <file>file:/C:/Users/Durgesh/Desktop/youtube_program/java-web/TechBlog/web/show_blog_page.jsp</file>
            <file>file:/C:/Users/Durgesh/Desktop/youtube_program/java-web/TechBlog/src/java/com/tech/blog/dao/LikeDao.java</file>
            <file>file:/C:/Users/Durgesh/Desktop/youtube_program/java-web/TechBlog/web/load_posts.jsp</file>
        </group>
    </open-files>
</project-private>
